col0,col1,col2,col3
Gliee 829,,17.5727211317641,147.46498739999998
IC 169305167,29205000.0,-15.637524196570448,2.010298
[BOM2000]j218-354,17474.52,-5.441492448,
