col0,col1,col2,col3
Puente roano,246.259,,15.904
onte San#Giovanni,6.914399999999999,2.45508,
Ponte San Gonato,20.08757,3.7900799999999997,
Ponte Pietrc,91.9648,,5.0249999999999995
Arsendle,3.13686,2.006,
Ponte della Mddalena,94.715,,5.004999999999999
