col0,col1
NGC 7252,0.0161
Maffei 1,0.00002
NGC 2812,0.03006
