col0,col1,col2
zirconium-90,40,89.904698758
zirconium-99,40,98.916670835
zirconium-97,40,96.910957386
