col0,col1
Barbaua,4.97
Torino- Milano e dintorni.,3.992
1999,5.9879999999999995
Heorges Moustaki,6.0120000000000005
Bemla 'mbriana,4.995
