col0,col1
NGC 7252,335.1865629568365
NGC 20,2.3861779874312
NGC 4377,186.3012833
