col0,col1,col2
Glendale,15.459515,13357
Muskego,93.162515,25032
Watertown,32.406038,23861
Marinette,21.054151,11749
Kaukauna,20.932227,17089
Wausau,52.280298,39994
