col0,col1,col2
MS Royal Ock,27.134999999999998,189.4782
USS Indana,32.6019,208.32
USS Massachusett,32.7,209.37
HM Iron Duke,27.3452,188.67114
