col0,col1
yttrium-91m,
yttrium-99m,
yttrium-98m4,
yttrium-91,90.907298066
yttrium-77,76.950146
yttrium-89,88.905841205
