col0,col1,col2,col3
Sdlaa,27.7104,5.3106,
SS Rrincess Alice,218.96120000000002,6.243399999999999,498.5
Vaterlcnd,78.79291,,1588.8
Calhdonia,28.678649999999994,4.5243,
PS Waverlhy,236.17499999999998,25.74,
