col0,col1,col2
Prsepolis,277.76,400.0
Doll,51.15449999999999,
Doll,,28.1868
Doll,,28.728
Doll,,35.706799999999994
oll,,29.94
