col0,col1,col2,col3
OO hg,,14.673200228973084,4.128255
GES J0540394-4731103,15840.0,-47.994723057799995,
Gliese809,46953.0,62.34085587738776,141.8920659
ID 4175,,20.49695275080548,1.4404054
Cl* NC 3960 PMS 310756,315.684,-55.3036620831,
MASS J05332802-425720,,-42.61206329090773,97.0209376
