col0,col1,col2
zirconium-108,40,107.94487
zirconium-98,40,97.912735124
zirconium-107,40,106.941621
