col0,col1,col2,col3
Ponte de Meo,11.4736,2.0886299999999998,
Eurymedop Bridge,257.1645,,9.044999999999998
Ponte d'Auhusto,159.2,30.269999999999996,
Sonte d'Augusto,63.038199999999996,,5.004999999999999
ont du Gard,903.6,160.0,6.048
Pont de la Concoree,154.53,,4.96
