col0,col1,col2
Republic of Abhazia,244420.0,8673.664999999999
Sdhrawi Arab Democratic Republic,607899.2919999999,263340.0
epublic of Formosd,2991920.0,
Peorle's Republic of China,1452158362.2680001,9673736.688
