col0,col1,col2,col3
GES J03594106-2952433,37110.99999999999,-30.05796660664,
hapley 1,,-51.73069412062269,0.6744155999999999
HG 0440-0759a,24451.0,-7.85701336,
2MASS J20361829-3607115.,,-36.04762520321324,59.465614800000004
GES J05010519-555557,17728.8,-55.987514913329996,
