col0,col1,col2
HE 0240-0009h,,5760.683
FIRST J21135.3+110332,5.0,7719.0
Phi!Pegasi,-7.100332999999999,
HIP 41484,-6.126564999999999,
WISEPA J022105.94+38422.9,381.78000000000003,
